tag,file_path,line_number,content,top_level_package
TODO,module_a.py,7,Add input validation for empty data,module_a
TODO,module_a.py,8,Implement caching mechanism for repeated calls,module_a
TODO,module_a.py,9,Add support for streaming data processing,module_a
TODO,module_a.py,14,Implement proper schema validation,module_a
TODO,module_a.py,15,Add type hints,module_a
TODO,module_a.py,22,Implement option handling,module_a
TODO,module_a.py,29,Load config from file instead of hardcoding,module_a
TODO,module_a.py,30,Add validation for config parameters,module_a
TODO,module_a.py,35,Handle network timeout gracefully,module_a
TODO,module_a.py,36,Add support for batch processing,module_a
TODO,module_a.py,37,Implement error recovery,module_a
TODO,module_a.py,41,Graceful shutdown implementation,module_a
TODO,module_b.py,5,Add retry logic for failed requests,module_b
TODO,module_b.py,6,Fix memory leak in connection pool,module_b
TODO,module_b.py,7,Add connection pooling configuration,module_b
TODO,module_b.py,11,Add timeout parameter,module_b
TODO,module_b.py,12,Handle SSL certificate errors,module_b
TODO,module_b.py,13,Implement exponential backoff,module_b
TODO,module_b.py,18,Implement request signing,module_b
TODO,module_b.py,19,Add response compression support,module_b
TODO,module_b.py,24,Implement concurrent batch processing,module_b
TODO,tests/test_module_a.py,3,Add more test cases,tests
TODO,tests/test_module_a.py,4,Mock external dependencies,tests
TODO,tests/test_module_a.py,7,Test edge cases,tests
TODO,utils/helpers.py,3,add support for multi-threading,utils
TODO,utils/helpers.py,4,Race condition in concurrent access,utils
TODO,utils/helpers.py,8,Support custom formatting templates,utils
